model,role,subject,trial,p_a,p_b,argmax
pi_1,base,0,0,0.500000,0.500000,0
pi_1,base,0,1,0.189489,0.810511,1
pi_1,base,0,2,0.810511,0.189489,0
pi_1,base,0,3,0.189489,0.810511,1
pi_1,base,0,4,0.500000,0.500000,0
pi_1,base,1,0,0.935088,0.064912,0
pi_1,base,1,1,0.500000,0.500000,0
pi_1,base,1,2,0.500000,0.500000,0
pi_1,base,1,3,0.064912,0.935088,1
pi_1,base,1,4,0.064912,0.935088,1
pi_1,base,2,0,0.898739,0.101261,0
pi_1,base,2,1,0.500000,0.500000,0
pi_1,base,2,2,0.500000,0.500000,0
pi_1,base,2,3,0.101261,0.898739,1
pi_1,base,2,4,0.101261,0.898739,1
pi_1,base,3,0,0.924172,0.075828,0
pi_1,base,3,1,0.500000,0.500000,0
pi_1,base,3,2,0.075828,0.924172,1
pi_1,base,3,3,0.075828,0.924172,1
pi_1,base,3,4,0.500000,0.500000,0
pi_1,base,4,0,0.500000,0.500000,0
pi_1,base,4,1,0.854106,0.145894,0
pi_1,base,4,2,0.500000,0.500000,0
pi_1,base,4,3,0.145894,0.854106,1
pi_1,base,4,4,0.145894,0.854106,1
pi_1,base,5,0,0.873828,0.126172,0
pi_1,base,5,1,0.126172,0.873828,1
pi_1,base,5,2,0.126172,0.873828,1
pi_1,base,5,3,0.500000,0.500000,0
pi_1,base,5,4,0.500000,0.500000,0
pi_1,base,6,0,0.191008,0.808992,1
pi_1,base,6,1,0.500000,0.500000,0
pi_1,base,6,2,0.808992,0.191008,0
pi_1,base,6,3,0.191008,0.808992,1
pi_1,base,6,4,0.500000,0.500000,0
pi_1,base,7,0,0.500000,0.500000,0
pi_1,base,7,1,0.500000,0.500000,0
pi_1,base,7,2,0.062630,0.937370,1
pi_1,base,7,3,0.062630,0.937370,1
pi_1,base,7,4,0.937370,0.062630,0
pi_1,base,8,0,0.245696,0.754304,1
pi_1,base,8,1,0.245696,0.754304,1
pi_1,base,8,2,0.500000,0.500000,0
pi_1,base,8,3,0.500000,0.500000,0
pi_1,base,8,4,0.754304,0.245696,0
pi_1,base,9,0,0.225542,0.774458,1
pi_1,base,9,1,0.500000,0.500000,0
pi_1,base,9,2,0.500000,0.500000,0
pi_1,base,9,3,0.774458,0.225542,0
pi_1,base,9,4,0.225542,0.774458,1
pi_1,base,10,0,0.500000,0.500000,0
pi_1,base,10,1,0.500000,0.500000,0
pi_1,base,10,2,0.816345,0.183655,0
pi_1,base,10,3,0.183655,0.816345,1
pi_1,base,10,4,0.183655,0.816345,1
pi_1,base,11,0,0.170996,0.829004,1
pi_1,base,11,1,0.829004,0.170996,0
pi_1,base,11,2,0.500000,0.500000,0
pi_1,base,11,3,0.170996,0.829004,1
pi_1,base,11,4,0.500000,0.500000,0
pi_1,base,12,0,0.500000,0.500000,0
pi_1,base,12,1,0.500000,0.500000,0
pi_1,base,12,2,0.025247,0.974753,1
pi_1,base,12,3,0.974753,0.025247,0
pi_1,base,12,4,0.025247,0.974753,1
pi_1,base,13,0,0.152833,0.847167,1
pi_1,base,13,1,0.847167,0.152833,0
pi_1,base,13,2,0.500000,0.500000,0
pi_1,base,13,3,0.500000,0.500000,0
pi_1,base,13,4,0.152833,0.847167,1
pi_1,base,14,0,0.241652,0.758348,1
pi_1,base,14,1,0.500000,0.500000,0
pi_1,base,14,2,0.758348,0.241652,0
pi_1,base,14,3,0.241652,0.758348,1
pi_1,base,14,4,0.500000,0.500000,0
pi_1,base,15,0,0.500000,0.500000,0
pi_1,base,15,1,0.500000,0.500000,0
pi_1,base,15,2,0.216366,0.783634,1
pi_1,base,15,3,0.216366,0.783634,1
pi_1,base,15,4,0.783634,0.216366,0
pi_1,base,16,0,0.500000,0.500000,0
pi_1,base,16,1,0.204273,0.795727,1
pi_1,base,16,2,0.500000,0.500000,0
pi_1,base,16,3,0.204273,0.795727,1
pi_1,base,16,4,0.795727,0.204273,0
pi_1,base,17,0,0.500000,0.500000,0
pi_1,base,17,1,0.500000,0.500000,0
pi_1,base,17,2,0.003527,0.996473,1
pi_1,base,17,3,0.003527,0.996473,1
pi_1,base,17,4,0.996473,0.003527,0
pi_1,base,18,0,0.099706,0.900294,1
pi_1,base,18,1,0.500000,0.500000,0
pi_1,base,18,2,0.099706,0.900294,1
pi_1,base,18,3,0.900294,0.099706,0
pi_1,base,18,4,0.500000,0.500000,0
pi_1,base,19,0,0.832962,0.167038,0
pi_1,base,19,1,0.500000,0.500000,0
pi_1,base,19,2,0.167038,0.832962,1
pi_1,base,19,3,0.167038,0.832962,1
pi_1,base,19,4,0.500000,0.500000,0
pi_1,base,20,0,0.500000,0.500000,0
pi_1,base,20,1,0.523084,0.476916,0
pi_1,base,20,2,0.500000,0.500000,0
pi_1,base,20,3,0.476916,0.523084,1
pi_1,base,20,4,0.476916,0.523084,1
pi_1,base,21,0,0.939022,0.060978,0
pi_1,base,21,1,0.500000,0.500000,0
pi_1,base,21,2,0.500000,0.500000,0
pi_1,base,21,3,0.060978,0.939022,1
pi_1,base,21,4,0.060978,0.939022,1
pi_1,base,22,0,0.218407,0.781593,1
pi_1,base,22,1,0.500000,0.500000,0
pi_1,base,22,2,0.781593,0.218407,0
pi_1,base,22,3,0.218407,0.781593,1
pi_1,base,22,4,0.500000,0.500000,0
pi_1,base,23,0,0.500000,0.500000,0
pi_1,base,23,1,0.500000,0.500000,0
pi_1,base,23,2,0.156057,0.843943,1
pi_1,base,23,3,0.843943,0.156057,0
pi_1,base,23,4,0.156057,0.843943,1
pi_1,base,24,0,0.500000,0.500000,0
pi_1,base,24,1,0.245901,0.754099,1
pi_1,base,24,2,0.500000,0.500000,0
pi_1,base,24,3,0.754099,0.245901,0
pi_1,base,24,4,0.245901,0.754099,1
pi_1,base,25,0,0.111992,0.888008,1
pi_1,base,25,1,0.888008,0.111992,0
pi_1,base,25,2,0.500000,0.500000,0
pi_1,base,25,3,0.111992,0.888008,1
pi_1,base,25,4,0.500000,0.500000,0
pi_1,base,26,0,0.500000,0.500000,0
pi_1,base,26,1,0.209665,0.790335,1
pi_1,base,26,2,0.790335,0.209665,0
pi_1,base,26,3,0.500000,0.500000,0
pi_1,base,26,4,0.209665,0.790335,1
pi_1,base,27,0,0.233228,0.766772,1
pi_1,base,27,1,0.500000,0.500000,0
pi_1,base,27,2,0.500000,0.500000,0
pi_1,base,27,3,0.766772,0.233228,0
pi_1,base,27,4,0.233228,0.766772,1
pi_1,base,28,0,0.794370,0.205630,0
pi_1,base,28,1,0.500000,0.500000,0
pi_1,base,28,2,0.205630,0.794370,1
pi_1,base,28,3,0.205630,0.794370,1
pi_1,base,28,4,0.500000,0.500000,0
pi_1,base,29,0,0.863139,0.136861,0
pi_1,base,29,1,0.136861,0.863139,1
pi_1,base,29,2,0.136861,0.863139,1
pi_1,base,29,3,0.500000,0.500000,0
pi_1,base,29,4,0.500000,0.500000,0
pi_1,base,30,0,0.135071,0.864929,1
pi_1,base,30,1,0.864929,0.135071,0
pi_1,base,30,2,0.500000,0.500000,0
pi_1,base,30,3,0.500000,0.500000,0
pi_1,base,30,4,0.135071,0.864929,1
pi_1,base,31,0,0.500000,0.500000,0
pi_1,base,31,1,0.150796,0.849204,1
pi_1,base,31,2,0.500000,0.500000,0
pi_1,base,31,3,0.849204,0.150796,0
pi_1,base,31,4,0.150796,0.849204,1
pi_1,base,32,0,0.500000,0.500000,0
pi_1,base,32,1,0.111253,0.888747,1
pi_1,base,32,2,0.111253,0.888747,1
pi_1,base,32,3,0.888747,0.111253,0
pi_1,base,32,4,0.500000,0.500000,0
pi_1,base,33,0,0.500000,0.500000,0
pi_1,base,33,1,0.096230,0.903770,1
pi_1,base,33,2,0.500000,0.500000,0
pi_1,base,33,3,0.096230,0.903770,1
pi_1,base,33,4,0.903770,0.096230,0
pi_1,base,34,0,0.927409,0.072591,0
pi_1,base,34,1,0.500000,0.500000,0
pi_1,base,34,2,0.072591,0.927409,1
pi_1,base,34,3,0.500000,0.500000,0
pi_1,base,34,4,0.072591,0.927409,1
pi_1,base,35,0,0.065227,0.934773,1
pi_1,base,35,1,0.500000,0.500000,0
pi_1,base,35,2,0.500000,0.500000,0
pi_1,base,35,3,0.065227,0.934773,1
pi_1,base,35,4,0.934773,0.065227,0
pi_1,base,36,0,0.164168,0.835832,1
pi_1,base,36,1,0.500000,0.500000,0
pi_1,base,36,2,0.500000,0.500000,0
pi_1,base,36,3,0.835832,0.164168,0
pi_1,base,36,4,0.164168,0.835832,1
pi_1,base,37,0,0.977478,0.022522,0
pi_1,base,37,1,0.500000,0.500000,0
pi_1,base,37,2,0.022522,0.977478,1
pi_1,base,37,3,0.022522,0.977478,1
pi_1,base,37,4,0.500000,0.500000,0
pi_1,base,38,0,0.500000,0.500000,0
pi_1,base,38,1,0.219193,0.780807,1
pi_1,base,38,2,0.219193,0.780807,1
pi_1,base,38,3,0.500000,0.500000,0
pi_1,base,38,4,0.780807,0.219193,0
pi_1,base,39,0,0.789385,0.210615,0
pi_1,base,39,1,0.500000,0.500000,0
pi_1,base,39,2,0.210615,0.789385,1
pi_1,base,39,3,0.210615,0.789385,1
pi_1,base,39,4,0.500000,0.500000,0
pi_1,base,40,0,0.230771,0.769229,1
pi_1,base,40,1,0.500000,0.500000,0
pi_1,base,40,2,0.500000,0.500000,0
pi_1,base,40,3,0.230771,0.769229,1
pi_1,base,40,4,0.769229,0.230771,0
pi_1,base,41,0,0.097839,0.902161,1
pi_1,base,41,1,0.500000,0.500000,0
pi_1,base,41,2,0.097839,0.902161,1
pi_1,base,41,3,0.902161,0.097839,0
pi_1,base,41,4,0.500000,0.500000,0
pi_1,base,42,0,0.068909,0.931091,1
pi_1,base,42,1,0.500000,0.500000,0
pi_1,base,42,2,0.068909,0.931091,1
pi_1,base,42,3,0.931091,0.068909,0
pi_1,base,42,4,0.500000,0.500000,0
pi_1,base,43,0,0.787628,0.212372,0
pi_1,base,43,1,0.500000,0.500000,0
pi_1,base,43,2,0.212372,0.787628,1
pi_1,base,43,3,0.500000,0.500000,0
pi_1,base,43,4,0.212372,0.787628,1
pi_1,base,44,0,0.147450,0.852550,1
pi_1,base,44,1,0.500000,0.500000,0
pi_1,base,44,2,0.500000,0.500000,0
pi_1,base,44,3,0.147450,0.852550,1
pi_1,base,44,4,0.852550,0.147450,0
pi_1,base,45,0,0.500000,0.500000,0
pi_1,base,45,1,0.500000,0.500000,0
pi_1,base,45,2,0.144924,0.855076,1
pi_1,base,45,3,0.144924,0.855076,1
pi_1,base,45,4,0.855076,0.144924,0
pi_1,base,46,0,0.834861,0.165139,0
pi_1,base,46,1,0.165139,0.834861,1
pi_1,base,46,2,0.165139,0.834861,1
pi_1,base,46,3,0.500000,0.500000,0
pi_1,base,46,4,0.500000,0.500000,0
pi_1,base,47,0,0.500000,0.500000,0
pi_1,base,47,1,0.770765,0.229235,0
pi_1,base,47,2,0.229235,0.770765,1
pi_1,base,47,3,0.500000,0.500000,0
pi_1,base,47,4,0.229235,0.770765,1
pi_1,base,48,0,0.020593,0.979407,1
pi_1,base,48,1,0.500000,0.500000,0
pi_1,base,48,2,0.020593,0.979407,1
pi_1,base,48,3,0.979407,0.020593,0
pi_1,base,48,4,0.500000,0.500000,0
pi_1,base,49,0,0.121615,0.878385,1
pi_1,base,49,1,0.121615,0.878385,1
pi_1,base,49,2,0.878385,0.121615,0
pi_1,base,49,3,0.500000,0.500000,0
pi_1,base,49,4,0.500000,0.500000,0
pi_2,base,0,0,0.661523,0.338477,0
pi_2,base,0,1,0.214925,0.785075,1
pi_2,base,0,2,0.788724,0.211276,0
pi_2,base,0,3,0.500000,0.500000,1
pi_2,base,0,4,0.787693,0.212307,0
pi_2,base,1,0,0.794623,0.205377,0
pi_2,base,1,1,0.595848,0.404152,0
pi_2,base,1,2,0.776123,0.223877,0
pi_2,base,1,3,0.241718,0.758282,1
pi_2,base,1,4,0.500000,0.500000,1
pi_2,base,2,0,0.866450,0.133550,0
pi_2,base,2,1,0.866369,0.133631,0
pi_2,base,2,2,0.764341,0.235659,0
pi_2,base,2,3,0.500000,0.500000,1
pi_2,base,2,4,0.134052,0.865948,1
pi_2,base,3,0,0.906791,0.093209,0
pi_2,base,3,1,0.652808,0.347192,0
pi_2,base,3,2,0.125892,0.874108,1
pi_2,base,3,3,0.500000,0.500000,1
pi_2,base,3,4,0.891957,0.108043,0
pi_2,base,4,0,0.557072,0.442928,0
pi_2,base,4,1,0.866489,0.133511,0
pi_2,base,4,2,0.753131,0.246869,0
pi_2,base,4,3,0.288687,0.711313,1
pi_2,base,4,4,0.500000,0.500000,1
pi_2,base,5,0,0.937126,0.062874,0
pi_2,base,5,1,0.151486,0.848514,1
pi_2,base,5,2,0.500000,0.500000,1
pi_2,base,5,3,0.885329,0.114671,0
pi_2,base,5,4,0.614614,0.385386,0
pi_2,base,6,0,0.399245,0.600755,1
pi_2,base,6,1,0.622208,0.377792,0
pi_2,base,6,2,0.686978,0.313022,0
pi_2,base,6,3,0.500000,0.500000,1
pi_2,base,6,4,0.526566,0.473434,0
pi_2,base,7,0,0.557028,0.442972,0
pi_2,base,7,1,0.732387,0.267613,0
pi_2,base,7,2,0.300649,0.699351,1
pi_2,base,7,3,0.500000,0.500000,1
pi_2,base,7,4,0.803891,0.196109,0
pi_2,base,8,0,0.230253,0.769747,1
pi_2,base,8,1,0.500000,0.500000,1
pi_2,base,8,2,0.587379,0.412621,0
pi_2,base,8,3,0.799720,0.200280,0
pi_2,base,8,4,0.843679,0.156321,0
pi_2,base,9,0,0.500000,0.500000,1
pi_2,base,9,1,0.917076,0.082924,0
pi_2,base,9,2,0.698729,0.301271,0
pi_2,base,9,3,0.922053,0.077947,0
pi_2,base,9,4,0.091782,0.908218,1
pi_2,base,10,0,0.762457,0.237543,0
pi_2,base,10,1,0.915527,0.084473,0
pi_2,base,10,2,0.916020,0.083980,0
pi_2,base,10,3,0.500000,0.500000,1
pi_2,base,10,4,0.086157,0.913843,1
pi_2,base,11,0,0.162444,0.837556,1
pi_2,base,11,1,0.905900,0.094100,0
pi_2,base,11,2,0.616275,0.383725,0
pi_2,base,11,3,0.500000,0.500000,1
pi_2,base,11,4,0.867993,0.132007,0
pi_2,base,12,0,0.633126,0.366874,0
pi_2,base,12,1,0.827061,0.172939,0
pi_2,base,12,2,0.500000,0.500000,1
pi_2,base,12,3,0.836923,0.163077,0
pi_2,base,12,4,0.185823,0.814177,1
pi_2,base,13,0,0.500000,0.500000,1
pi_2,base,13,1,0.780562,0.219438,0
pi_2,base,13,2,0.769050,0.230950,0
pi_2,base,13,3,0.602401,0.397599,0
pi_2,base,13,4,0.244183,0.755817,1
pi_2,base,14,0,0.016492,0.983508,1
pi_2,base,14,1,0.987029,0.012971,0
pi_2,base,14,2,0.988299,0.011701,0
pi_2,base,14,3,0.500000,0.500000,1
pi_2,base,14,4,0.783677,0.216323,0
pi_2,base,15,0,0.808917,0.191083,0
pi_2,base,15,1,0.658875,0.341125,0
pi_2,base,15,2,0.195649,0.804351,1
pi_2,base,15,3,0.500000,0.500000,1
pi_2,base,15,4,0.811104,0.188896,0
pi_2,base,16,0,0.796803,0.203197,0
pi_2,base,16,1,0.500000,0.500000,1
pi_2,base,16,2,0.709083,0.290917,0
pi_2,base,16,3,0.203642,0.796358,1
pi_2,base,16,4,0.796896,0.203104,0
pi_2,base,17,0,0.802069,0.197931,0
pi_2,base,17,1,0.899504,0.100496,0
pi_2,base,17,2,0.500000,0.500000,1
pi_2,base,17,3,0.100752,0.899248,1
pi_2,base,17,4,0.899546,0.100454,0
pi_2,base,18,0,0.500000,0.500000,1
pi_2,base,18,1,0.749090,0.250910,0
pi_2,base,18,2,0.133097,0.866903,1
pi_2,base,18,3,0.867913,0.132087,0
pi_2,base,18,4,0.867719,0.132281,0
pi_2,base,19,0,0.974955,0.025045,0
pi_2,base,19,1,0.857389,0.142611,0
pi_2,base,19,2,0.025423,0.974577,1
pi_2,base,19,3,0.500000,0.500000,1
pi_2,base,19,4,0.974901,0.025099,0
pi_2,base,20,0,0.784456,0.215544,0
pi_2,base,20,1,0.784660,0.215340,0
pi_2,base,20,2,0.687967,0.312033,0
pi_2,base,20,3,0.216336,0.783664,1
pi_2,base,20,4,0.500000,0.500000,1
pi_2,base,21,0,0.989210,0.010790,0
pi_2,base,21,1,0.636110,0.363890,0
pi_2,base,21,2,0.939635,0.060365,0
pi_2,base,21,3,0.098584,0.901416,1
pi_2,base,21,4,0.500000,0.500000,1
pi_2,base,22,0,0.011174,0.988826,1
pi_2,base,22,1,0.989390,0.010610,0
pi_2,base,22,2,0.989499,0.010501,0
pi_2,base,22,3,0.500000,0.500000,1
pi_2,base,22,4,0.853064,0.146936,0
pi_2,base,23,0,0.905564,0.094436,0
pi_2,base,23,1,0.730388,0.269612,0
pi_2,base,23,2,0.097873,0.902127,1
pi_2,base,23,3,0.906880,0.093120,0
pi_2,base,23,4,0.500000,0.500000,1
pi_2,base,24,0,0.782424,0.217576,0
pi_2,base,24,1,0.500000,0.500000,1
pi_2,base,24,2,0.598212,0.401788,0
pi_2,base,24,3,0.801187,0.198813,0
pi_2,base,24,4,0.235734,0.764266,1
pi_2,base,25,0,0.500000,0.500000,1
pi_2,base,25,1,0.927617,0.072383,0
pi_2,base,25,2,0.822394,0.177606,0
pi_2,base,25,3,0.072714,0.927286,1
pi_2,base,25,4,0.927571,0.072429,0
pi_2,base,26,0,0.524105,0.475895,0
pi_2,base,26,1,0.404912,0.595088,1
pi_2,base,26,2,0.702042,0.297958,0
pi_2,base,26,3,0.617888,0.382112,0
pi_2,base,26,4,0.500000,0.500000,1
pi_2,base,27,0,0.500000,0.500000,1
pi_2,base,27,1,0.630232,0.369768,0
pi_2,base,27,2,0.528247,0.471753,0
pi_2,base,27,3,0.699982,0.300018,0
pi_2,base,27,4,0.392713,0.607287,1
pi_2,base,28,0,0.893364,0.106636,0
pi_2,base,28,1,0.892657,0.107343,0
pi_2,base,28,2,0.109507,0.890493,1
pi_2,base,28,3,0.500000,0.500000,1
pi_2,base,28,4,0.738012,0.261988,0
pi_2,base,29,0,0.755799,0.244201,0
pi_2,base,29,1,0.267281,0.732719,1
pi_2,base,29,2,0.500000,0.500000,1
pi_2,base,29,3,0.744997,0.255003,0
pi_2,base,29,4,0.592693,0.407307,0
pi_2,base,30,0,0.479440,0.520560,1
pi_2,base,30,1,0.546097,0.453903,0
pi_2,base,30,2,0.525688,0.474312,0
pi_2,base,30,3,0.505144,0.494856,0
pi_2,base,30,4,0.500000,0.500000,1
pi_2,base,31,0,0.896547,0.103453,0
pi_2,base,31,1,0.500000,0.500000,1
pi_2,base,31,2,0.663945,0.336055,0
pi_2,base,31,3,0.907535,0.092465,0
pi_2,base,31,4,0.118243,0.881757,1
pi_2,base,32,0,0.519442,0.480558,0
pi_2,base,32,1,0.424006,0.575994,1
pi_2,base,32,2,0.500000,0.500000,1
pi_2,base,32,3,0.655954,0.344046,0
pi_2,base,32,4,0.593721,0.406279,0
pi_2,base,33,0,0.932221,0.067779,0
pi_2,base,33,1,0.086656,0.913344,1
pi_2,base,33,2,0.670660,0.329340,0
pi_2,base,33,3,0.500000,0.500000,1
pi_2,base,33,4,0.947535,0.052465,0
pi_2,base,34,0,0.862641,0.137359,0
pi_2,base,34,1,0.632169,0.367831,0
pi_2,base,34,2,0.169489,0.830511,1
pi_2,base,34,3,0.847675,0.152325,0
pi_2,base,34,4,0.500000,0.500000,1
pi_2,base,35,0,0.500000,0.500000,1
pi_2,base,35,1,0.666251,0.333749,0
pi_2,base,35,2,0.779971,0.220029,0
pi_2,base,35,3,0.221809,0.778191,1
pi_2,base,35,4,0.780583,0.219417,0
pi_2,base,36,0,0.500000,0.500000,1
pi_2,base,36,1,0.763457,0.236543,0
pi_2,base,36,2,0.948416,0.051584,0
pi_2,base,36,3,0.949497,0.050503,0
pi_2,base,36,4,0.054647,0.945353,1
pi_2,base,37,0,0.991133,0.008867,0
pi_2,base,37,1,0.831289,0.168711,0
pi_2,base,37,2,0.500000,0.500000,1
pi_2,base,37,3,0.010267,0.989733,1
pi_2,base,37,4,0.990861,0.009139,0
pi_2,base,38,0,0.797789,0.202211,0
pi_2,base,38,1,0.500000,0.500000,1
pi_2,base,38,2,0.203644,0.796356,1
pi_2,base,38,3,0.683900,0.316100,0
pi_2,base,38,4,0.798235,0.201765,0
pi_2,base,39,0,0.692271,0.307729,0
pi_2,base,39,1,0.522525,0.477475,0
pi_2,base,39,2,0.410816,0.589184,1
pi_2,base,39,3,0.500000,0.500000,1
pi_2,base,39,4,0.610805,0.389195,0
pi_2,base,40,0,0.126572,0.873428,1
pi_2,base,40,1,0.779624,0.220376,0
pi_2,base,40,2,0.873704,0.126296,0
pi_2,base,40,3,0.500000,0.500000,1
pi_2,base,40,4,0.873750,0.126250,0
pi_2,base,41,0,0.500000,0.500000,1
pi_2,base,41,1,0.752112,0.247888,0
pi_2,base,41,2,0.248794,0.751206,1
pi_2,base,41,3,0.752366,0.247634,0
pi_2,base,41,4,0.661646,0.338354,0
pi_2,base,42,0,0.121572,0.878428,1
pi_2,base,42,1,0.879251,0.120749,0
pi_2,base,42,2,0.500000,0.500000,1
pi_2,base,42,3,0.879446,0.120554,0
pi_2,base,42,4,0.757503,0.242497,0
pi_2,base,43,0,0.999933,0.000067,0
pi_2,base,43,1,0.788714,0.211286,0
pi_2,base,43,2,0.500000,0.500000,1
pi_2,base,43,3,0.998564,0.001436,0
pi_2,base,43,4,0.005179,0.994821,1
pi_2,base,44,0,0.500000,0.500000,1
pi_2,base,44,1,0.812583,0.187417,0
pi_2,base,44,2,0.924231,0.075769,0
pi_2,base,44,3,0.076149,0.923851,1
pi_2,base,44,4,0.924299,0.075701,0
pi_2,base,45,0,0.582704,0.417296,0
pi_2,base,45,1,0.762192,0.237808,0
pi_2,base,45,2,0.500000,0.500000,1
pi_2,base,45,3,0.259585,0.740415,1
pi_2,base,45,4,0.789405,0.210595,0
pi_2,base,46,0,0.831612,0.168388,0
pi_2,base,46,1,0.170493,0.829507,1
pi_2,base,46,2,0.500000,0.500000,1
pi_2,base,46,3,0.831112,0.168888,0
pi_2,base,46,4,0.704289,0.295711,0
pi_2,base,47,0,0.596850,0.403150,0
pi_2,base,47,1,0.666332,0.333668,0
pi_2,base,47,2,0.500000,0.500000,1
pi_2,base,47,3,0.519783,0.480217,0
pi_2,base,47,4,0.421910,0.578090,1
pi_2,base,48,0,0.500000,0.500000,1
pi_2,base,48,1,0.910015,0.089985,0
pi_2,base,48,2,0.096583,0.903417,1
pi_2,base,48,3,0.913293,0.086707,0
pi_2,base,48,4,0.707314,0.292686,0
pi_2,base,49,0,0.500000,0.500000,1
pi_2,base,49,1,0.173656,0.826344,1
pi_2,base,49,2,0.841777,0.158223,0
pi_2,base,49,3,0.649789,0.350211,0
pi_2,base,49,4,0.835749,0.164251,0
pi_6,surfaced,0,0,0.500000,0.500000,0
pi_6,surfaced,0,1,0.346333,0.653667,1
pi_6,surfaced,0,2,0.653667,0.346333,0
pi_6,surfaced,0,3,0.346333,0.653667,1
pi_6,surfaced,0,4,0.500000,0.500000,0
pi_6,surfaced,1,0,0.770596,0.229404,0
pi_6,surfaced,1,1,0.500000,0.500000,0
pi_6,surfaced,1,2,0.500000,0.500000,0
pi_6,surfaced,1,3,0.229404,0.770596,1
pi_6,surfaced,1,4,0.229404,0.770596,1
pi_6,surfaced,2,0,0.829641,0.170359,0
pi_6,surfaced,2,1,0.500000,0.500000,0
pi_6,surfaced,2,2,0.500000,0.500000,0
pi_6,surfaced,2,3,0.170359,0.829641,1
pi_6,surfaced,2,4,0.170359,0.829641,1
pi_6,surfaced,3,0,0.870024,0.129976,0
pi_6,surfaced,3,1,0.500000,0.500000,0
pi_6,surfaced,3,2,0.129976,0.870024,1
pi_6,surfaced,3,3,0.129976,0.870024,1
pi_6,surfaced,3,4,0.500000,0.500000,0
pi_6,surfaced,4,0,0.500000,0.500000,0
pi_6,surfaced,4,1,0.952368,0.047632,0
pi_6,surfaced,4,2,0.500000,0.500000,0
pi_6,surfaced,4,3,0.047632,0.952368,1
pi_6,surfaced,4,4,0.047632,0.952368,1
pi_6,surfaced,5,0,0.888544,0.111456,0
pi_6,surfaced,5,1,0.111456,0.888544,1
pi_6,surfaced,5,2,0.111456,0.888544,1
pi_6,surfaced,5,3,0.500000,0.500000,0
pi_6,surfaced,5,4,0.500000,0.500000,0
pi_6,surfaced,6,0,0.114266,0.885734,1
pi_6,surfaced,6,1,0.500000,0.500000,0
pi_6,surfaced,6,2,0.885734,0.114266,0
pi_6,surfaced,6,3,0.114266,0.885734,1
pi_6,surfaced,6,4,0.500000,0.500000,0
pi_6,surfaced,7,0,0.500000,0.500000,0
pi_6,surfaced,7,1,0.500000,0.500000,0
pi_6,surfaced,7,2,0.019192,0.980808,1
pi_6,surfaced,7,3,0.019192,0.980808,1
pi_6,surfaced,7,4,0.980808,0.019192,0
pi_6,surfaced,8,0,0.440290,0.559710,1
pi_6,surfaced,8,1,0.440290,0.559710,1
pi_6,surfaced,8,2,0.500000,0.500000,0
pi_6,surfaced,8,3,0.500000,0.500000,0
pi_6,surfaced,8,4,0.559710,0.440290,0
pi_6,surfaced,9,0,0.229465,0.770535,1
pi_6,surfaced,9,1,0.500000,0.500000,0
pi_6,surfaced,9,2,0.500000,0.500000,0
pi_6,surfaced,9,3,0.770535,0.229465,0
pi_6,surfaced,9,4,0.229465,0.770535,1
pi_6,surfaced,10,0,0.500000,0.500000,0
pi_6,surfaced,10,1,0.500000,0.500000,0
pi_6,surfaced,10,2,0.833320,0.166680,0
pi_6,surfaced,10,3,0.166680,0.833320,1
pi_6,surfaced,10,4,0.166680,0.833320,1
pi_6,surfaced,11,0,0.056904,0.943096,1
pi_6,surfaced,11,1,0.943096,0.056904,0
pi_6,surfaced,11,2,0.500000,0.500000,0
pi_6,surfaced,11,3,0.056904,0.943096,1
pi_6,surfaced,11,4,0.500000,0.500000,0
pi_6,surfaced,12,0,0.500000,0.500000,0
pi_6,surfaced,12,1,0.500000,0.500000,0
pi_6,surfaced,12,2,0.370209,0.629791,1
pi_6,surfaced,12,3,0.629791,0.370209,0
pi_6,surfaced,12,4,0.370209,0.629791,1
pi_6,surfaced,13,0,0.194933,0.805067,1
pi_6,surfaced,13,1,0.805067,0.194933,0
pi_6,surfaced,13,2,0.500000,0.500000,0
pi_6,surfaced,13,3,0.500000,0.500000,0
pi_6,surfaced,13,4,0.194933,0.805067,1
pi_6,surfaced,14,0,0.105756,0.894244,1
pi_6,surfaced,14,1,0.500000,0.500000,0
pi_6,surfaced,14,2,0.894244,0.105756,0
pi_6,surfaced,14,3,0.105756,0.894244,1
pi_6,surfaced,14,4,0.500000,0.500000,0
pi_6,surfaced,15,0,0.500000,0.500000,0
pi_6,surfaced,15,1,0.500000,0.500000,0
pi_6,surfaced,15,2,0.070606,0.929394,1
pi_6,surfaced,15,3,0.070606,0.929394,1
pi_6,surfaced,15,4,0.929394,0.070606,0
pi_6,surfaced,16,0,0.500000,0.500000,0
pi_6,surfaced,16,1,0.151434,0.848566,1
pi_6,surfaced,16,2,0.500000,0.500000,0
pi_6,surfaced,16,3,0.151434,0.848566,1
pi_6,surfaced,16,4,0.848566,0.151434,0
pi_6,surfaced,17,0,0.500000,0.500000,0
pi_6,surfaced,17,1,0.500000,0.500000,0
pi_6,surfaced,17,2,0.233991,0.766009,1
pi_6,surfaced,17,3,0.233991,0.766009,1
pi_6,surfaced,17,4,0.766009,0.233991,0
pi_6,surfaced,18,0,0.039376,0.960624,1
pi_6,surfaced,18,1,0.500000,0.500000,0
pi_6,surfaced,18,2,0.039376,0.960624,1
pi_6,surfaced,18,3,0.960624,0.039376,0
pi_6,surfaced,18,4,0.500000,0.500000,0
pi_6,surfaced,19,0,0.816155,0.183845,0
pi_6,surfaced,19,1,0.500000,0.500000,0
pi_6,surfaced,19,2,0.183845,0.816155,1
pi_6,surfaced,19,3,0.183845,0.816155,1
pi_6,surfaced,19,4,0.500000,0.500000,0
pi_6,surfaced,20,0,0.500000,0.500000,0
pi_6,surfaced,20,1,0.560982,0.439018,0
pi_6,surfaced,20,2,0.500000,0.500000,0
pi_6,surfaced,20,3,0.439018,0.560982,1
pi_6,surfaced,20,4,0.439018,0.560982,1
pi_6,surfaced,21,0,0.991442,0.008558,0
pi_6,surfaced,21,1,0.500000,0.500000,0
pi_6,surfaced,21,2,0.500000,0.500000,0
pi_6,surfaced,21,3,0.008558,0.991442,1
pi_6,surfaced,21,4,0.008558,0.991442,1
pi_6,surfaced,22,0,0.240613,0.759387,1
pi_6,surfaced,22,1,0.500000,0.500000,0
pi_6,surfaced,22,2,0.759387,0.240613,0
pi_6,surfaced,22,3,0.240613,0.759387,1
pi_6,surfaced,22,4,0.500000,0.500000,0
pi_6,surfaced,23,0,0.500000,0.500000,0
pi_6,surfaced,23,1,0.500000,0.500000,0
pi_6,surfaced,23,2,0.020331,0.979669,1
pi_6,surfaced,23,3,0.979669,0.020331,0
pi_6,surfaced,23,4,0.020331,0.979669,1
pi_6,surfaced,24,0,0.500000,0.500000,0
pi_6,surfaced,24,1,0.359738,0.640262,1
pi_6,surfaced,24,2,0.500000,0.500000,0
pi_6,surfaced,24,3,0.640262,0.359738,0
pi_6,surfaced,24,4,0.359738,0.640262,1
pi_6,surfaced,25,0,0.437803,0.562197,1
pi_6,surfaced,25,1,0.562197,0.437803,0
pi_6,surfaced,25,2,0.500000,0.500000,0
pi_6,surfaced,25,3,0.437803,0.562197,1
pi_6,surfaced,25,4,0.500000,0.500000,0
pi_6,surfaced,26,0,0.500000,0.500000,0
pi_6,surfaced,26,1,0.485970,0.514030,1
pi_6,surfaced,26,2,0.514030,0.485970,0
pi_6,surfaced,26,3,0.500000,0.500000,0
pi_6,surfaced,26,4,0.485970,0.514030,1
pi_6,surfaced,27,0,0.017896,0.982104,1
pi_6,surfaced,27,1,0.500000,0.500000,0
pi_6,surfaced,27,2,0.500000,0.500000,0
pi_6,surfaced,27,3,0.982104,0.017896,0
pi_6,surfaced,27,4,0.017896,0.982104,1
pi_6,surfaced,28,0,0.947888,0.052112,0
pi_6,surfaced,28,1,0.500000,0.500000,0
pi_6,surfaced,28,2,0.052112,0.947888,1
pi_6,surfaced,28,3,0.052112,0.947888,1
pi_6,surfaced,28,4,0.500000,0.500000,0
pi_6,surfaced,29,0,0.756322,0.243678,0
pi_6,surfaced,29,1,0.243678,0.756322,1
pi_6,surfaced,29,2,0.243678,0.756322,1
pi_6,surfaced,29,3,0.500000,0.500000,0
pi_6,surfaced,29,4,0.500000,0.500000,0
pi_6,surfaced,30,0,0.030876,0.969124,1
pi_6,surfaced,30,1,0.969124,0.030876,0
pi_6,surfaced,30,2,0.500000,0.500000,0
pi_6,surfaced,30,3,0.500000,0.500000,0
pi_6,surfaced,30,4,0.030876,0.969124,1
pi_6,surfaced,31,0,0.500000,0.500000,0
pi_6,surfaced,31,1,0.483339,0.516661,1
pi_6,surfaced,31,2,0.500000,0.500000,0
pi_6,surfaced,31,3,0.516661,0.483339,0
pi_6,surfaced,31,4,0.483339,0.516661,1
pi_6,surfaced,32,0,0.500000,0.500000,0
pi_6,surfaced,32,1,0.455554,0.544446,1
pi_6,surfaced,32,2,0.455554,0.544446,1
pi_6,surfaced,32,3,0.544446,0.455554,0
pi_6,surfaced,32,4,0.500000,0.500000,0
pi_6,surfaced,33,0,0.500000,0.500000,0
pi_6,surfaced,33,1,0.046916,0.953084,1
pi_6,surfaced,33,2,0.500000,0.500000,0
pi_6,surfaced,33,3,0.046916,0.953084,1
pi_6,surfaced,33,4,0.953084,0.046916,0
pi_6,surfaced,34,0,0.712202,0.287798,0
pi_6,surfaced,34,1,0.500000,0.500000,0
pi_6,surfaced,34,2,0.287798,0.712202,1
pi_6,surfaced,34,3,0.500000,0.500000,0
pi_6,surfaced,34,4,0.287798,0.712202,1
pi_6,surfaced,35,0,0.032603,0.967397,1
pi_6,surfaced,35,1,0.500000,0.500000,0
pi_6,surfaced,35,2,0.500000,0.500000,0
pi_6,surfaced,35,3,0.032603,0.967397,1
pi_6,surfaced,35,4,0.967397,0.032603,0
pi_6,surfaced,36,0,0.090612,0.909388,1
pi_6,surfaced,36,1,0.500000,0.500000,0
pi_6,surfaced,36,2,0.500000,0.500000,0
pi_6,surfaced,36,3,0.909388,0.090612,0
pi_6,surfaced,36,4,0.090612,0.909388,1
pi_6,surfaced,37,0,0.919439,0.080561,0
pi_6,surfaced,37,1,0.500000,0.500000,0
pi_6,surfaced,37,2,0.080561,0.919439,1
pi_6,surfaced,37,3,0.080561,0.919439,1
pi_6,surfaced,37,4,0.500000,0.500000,0
pi_6,surfaced,38,0,0.500000,0.500000,0
pi_6,surfaced,38,1,0.239581,0.760419,1
pi_6,surfaced,38,2,0.239581,0.760419,1
pi_6,surfaced,38,3,0.500000,0.500000,0
pi_6,surfaced,38,4,0.760419,0.239581,0
pi_6,surfaced,39,0,0.952425,0.047575,0
pi_6,surfaced,39,1,0.500000,0.500000,0
pi_6,surfaced,39,2,0.047575,0.952425,1
pi_6,surfaced,39,3,0.047575,0.952425,1
pi_6,surfaced,39,4,0.500000,0.500000,0
pi_6,surfaced,40,0,0.025691,0.974309,1
pi_6,surfaced,40,1,0.500000,0.500000,0
pi_6,surfaced,40,2,0.500000,0.500000,0
pi_6,surfaced,40,3,0.025691,0.974309,1
pi_6,surfaced,40,4,0.974309,0.025691,0
pi_6,surfaced,41,0,0.041848,0.958152,1
pi_6,surfaced,41,1,0.500000,0.500000,0
pi_6,surfaced,41,2,0.041848,0.958152,1
pi_6,surfaced,41,3,0.958152,0.041848,0
pi_6,surfaced,41,4,0.500000,0.500000,0
pi_6,surfaced,42,0,0.236486,0.763514,1
pi_6,surfaced,42,1,0.500000,0.500000,0
pi_6,surfaced,42,2,0.236486,0.763514,1
pi_6,surfaced,42,3,0.763514,0.236486,0
pi_6,surfaced,42,4,0.500000,0.500000,0
pi_6,surfaced,43,0,0.920757,0.079243,0
pi_6,surfaced,43,1,0.500000,0.500000,0
pi_6,surfaced,43,2,0.079243,0.920757,1
pi_6,surfaced,43,3,0.500000,0.500000,0
pi_6,surfaced,43,4,0.079243,0.920757,1
pi_6,surfaced,44,0,0.238814,0.761186,1
pi_6,surfaced,44,1,0.500000,0.500000,0
pi_6,surfaced,44,2,0.500000,0.500000,0
pi_6,surfaced,44,3,0.238814,0.761186,1
pi_6,surfaced,44,4,0.761186,0.238814,0
pi_6,surfaced,45,0,0.500000,0.500000,0
pi_6,surfaced,45,1,0.500000,0.500000,0
pi_6,surfaced,45,2,0.145468,0.854532,1
pi_6,surfaced,45,3,0.145468,0.854532,1
pi_6,surfaced,45,4,0.854532,0.145468,0
pi_6,surfaced,46,0,0.608218,0.391782,0
pi_6,surfaced,46,1,0.391782,0.608218,1
pi_6,surfaced,46,2,0.391782,0.608218,1
pi_6,surfaced,46,3,0.500000,0.500000,0
pi_6,surfaced,46,4,0.500000,0.500000,0
pi_6,surfaced,47,0,0.500000,0.500000,0
pi_6,surfaced,47,1,0.551527,0.448473,0
pi_6,surfaced,47,2,0.448473,0.551527,1
pi_6,surfaced,47,3,0.500000,0.500000,0
pi_6,surfaced,47,4,0.448473,0.551527,1
pi_6,surfaced,48,0,0.359956,0.640044,1
pi_6,surfaced,48,1,0.500000,0.500000,0
pi_6,surfaced,48,2,0.359956,0.640044,1
pi_6,surfaced,48,3,0.640044,0.359956,0
pi_6,surfaced,48,4,0.500000,0.500000,0
pi_6,surfaced,49,0,0.187751,0.812249,1
pi_6,surfaced,49,1,0.187751,0.812249,1
pi_6,surfaced,49,2,0.812249,0.187751,0
pi_6,surfaced,49,3,0.500000,0.500000,0
pi_6,surfaced,49,4,0.500000,0.500000,0
pi_7,surfaced,0,0,0.089275,0.910725,1
pi_7,surfaced,0,1,0.842618,0.157382,0
pi_7,surfaced,0,2,0.978831,0.021169,0
pi_7,surfaced,0,3,0.842618,0.157382,0
pi_7,surfaced,0,4,0.910725,0.089275,0
pi_7,surfaced,1,0,0.985284,0.014716,0
pi_7,surfaced,1,1,0.230436,0.769564,1
pi_7,surfaced,1,2,0.769564,0.230436,0
pi_7,surfaced,1,3,0.553844,0.446156,0
pi_7,surfaced,1,4,0.553844,0.446156,0
pi_7,surfaced,2,0,0.919755,0.080245,0
pi_7,surfaced,2,1,0.748278,0.251722,0
pi_7,surfaced,2,2,0.251722,0.748278,1
pi_7,surfaced,2,3,0.576800,0.423200,0
pi_7,surfaced,2,4,0.576800,0.423200,0
pi_7,surfaced,3,0,0.762119,0.237881,0
pi_7,surfaced,3,1,0.291133,0.708867,1
pi_7,surfaced,3,2,0.655615,0.344385,0
pi_7,surfaced,3,3,0.655615,0.344385,0
pi_7,surfaced,3,4,0.708867,0.291133,0
pi_7,surfaced,4,0,0.433270,0.566730,1
pi_7,surfaced,4,1,0.826046,0.173954,0
pi_7,surfaced,4,2,0.566730,0.433270,0
pi_7,surfaced,4,3,0.307415,0.692585,1
pi_7,surfaced,4,4,0.307415,0.692585,1
pi_7,surfaced,5,0,0.807987,0.192013,0
pi_7,surfaced,5,1,0.317843,0.682157,1
pi_7,surfaced,5,2,0.317843,0.682157,1
pi_7,surfaced,5,3,0.562915,0.437085,0
pi_7,surfaced,5,4,0.437085,0.562915,1
pi_7,surfaced,6,0,0.537740,0.462260,0
pi_7,surfaced,6,1,0.650974,0.349026,0
pi_7,surfaced,6,2,0.764207,0.235793,0
pi_7,surfaced,6,3,0.537740,0.462260,0
pi_7,surfaced,6,4,0.349026,0.650974,1
pi_7,surfaced,7,0,0.174882,0.825118,1
pi_7,surfaced,7,1,0.825118,0.174882,0
pi_7,surfaced,7,2,0.771069,0.228931,0
pi_7,surfaced,7,3,0.771069,0.228931,0
pi_7,surfaced,7,4,0.879166,0.120834,0
pi_7,surfaced,8,0,0.770197,0.229803,0
pi_7,surfaced,8,1,0.770197,0.229803,0
pi_7,surfaced,8,2,0.225004,0.774996,1
pi_7,surfaced,8,3,0.774996,0.225004,0
pi_7,surfaced,8,4,0.779794,0.220206,0
pi_7,surfaced,9,0,0.837451,0.162549,0
pi_7,surfaced,9,1,0.840104,0.159896,0
pi_7,surfaced,9,2,0.159896,0.840104,1
pi_7,surfaced,9,3,0.842757,0.157243,0
pi_7,surfaced,9,4,0.837451,0.162549,0
pi_7,surfaced,10,0,0.326205,0.673795,1
pi_7,surfaced,10,1,0.673795,0.326205,0
pi_7,surfaced,10,2,0.865958,0.134042,0
pi_7,surfaced,10,3,0.481631,0.518369,1
pi_7,surfaced,10,4,0.481631,0.518369,1
pi_7,surfaced,11,0,0.387954,0.612046,1
pi_7,surfaced,11,1,0.807748,0.192252,0
pi_7,surfaced,11,2,0.402149,0.597851,1
pi_7,surfaced,11,3,0.387954,0.612046,1
pi_7,surfaced,11,4,0.597851,0.402149,0
pi_7,surfaced,12,0,0.329447,0.670553,1
pi_7,surfaced,12,1,0.670553,0.329447,0
pi_7,surfaced,12,2,0.592389,0.407611,0
pi_7,surfaced,12,3,0.748718,0.251282,0
pi_7,surfaced,12,4,0.592389,0.407611,0
pi_7,surfaced,13,0,0.825980,0.174020,0
pi_7,surfaced,13,1,0.854422,0.145578,0
pi_7,surfaced,13,2,0.840201,0.159799,0
pi_7,surfaced,13,3,0.159799,0.840201,1
pi_7,surfaced,13,4,0.825980,0.174020,0
pi_7,surfaced,14,0,0.622113,0.377887,0
pi_7,surfaced,14,1,0.756049,0.243951,0
pi_7,surfaced,14,2,0.889985,0.110015,0
pi_7,surfaced,14,3,0.622113,0.377887,0
pi_7,surfaced,14,4,0.243951,0.756049,1
pi_7,surfaced,15,0,0.620218,0.379782,0
pi_7,surfaced,15,1,0.379782,0.620218,1
pi_7,surfaced,15,2,0.249300,0.750700,1
pi_7,surfaced,15,3,0.249300,0.750700,1
pi_7,surfaced,15,4,0.991136,0.008864,0
pi_7,surfaced,16,0,0.576184,0.423816,0
pi_7,surfaced,16,1,0.286275,0.713725,1
pi_7,surfaced,16,2,0.423816,0.576184,1
pi_7,surfaced,16,3,0.286275,0.713725,1
pi_7,surfaced,16,4,0.866093,0.133907,0
pi_7,surfaced,17,0,0.222485,0.777515,1
pi_7,surfaced,17,1,0.777515,0.222485,0
pi_7,surfaced,17,2,0.678819,0.321181,0
pi_7,surfaced,17,3,0.678819,0.321181,0
pi_7,surfaced,17,4,0.876210,0.123790,0
pi_7,surfaced,18,0,0.644363,0.355637,0
pi_7,surfaced,18,1,0.256216,0.743784,1
pi_7,surfaced,18,2,0.644363,0.355637,0
pi_7,surfaced,18,3,0.843204,0.156796,0
pi_7,surfaced,18,4,0.743784,0.256216,0
pi_7,surfaced,19,0,0.899038,0.100962,0
pi_7,surfaced,19,1,0.312951,0.687049,1
pi_7,surfaced,19,2,0.475060,0.524940,1
pi_7,surfaced,19,3,0.475060,0.524940,1
pi_7,surfaced,19,4,0.687049,0.312951,0
pi_7,surfaced,20,0,0.589656,0.410344,0
pi_7,surfaced,20,1,0.906564,0.093436,0
pi_7,surfaced,20,2,0.410344,0.589656,1
pi_7,surfaced,20,3,0.272748,0.727252,1
pi_7,surfaced,20,4,0.272748,0.727252,1
pi_7,surfaced,21,0,0.885198,0.114802,0
pi_7,surfaced,21,1,0.349801,0.650199,1
pi_7,surfaced,21,2,0.650199,0.349801,0
pi_7,surfaced,21,3,0.415200,0.584800,1
pi_7,surfaced,21,4,0.415200,0.584800,1
pi_7,surfaced,22,0,0.450993,0.549007,1
pi_7,surfaced,22,1,0.668271,0.331729,0
pi_7,surfaced,22,2,0.885550,0.114450,0
pi_7,surfaced,22,3,0.450993,0.549007,1
pi_7,surfaced,22,4,0.331729,0.668271,1
pi_7,surfaced,23,0,0.672059,0.327941,0
pi_7,surfaced,23,1,0.327941,0.672059,1
pi_7,surfaced,23,2,0.517888,0.482112,0
pi_7,surfaced,23,3,0.826230,0.173770,0
pi_7,surfaced,23,4,0.517888,0.482112,0
pi_7,surfaced,24,0,0.665468,0.334532,0
pi_7,surfaced,24,1,0.530231,0.469769,0
pi_7,surfaced,24,2,0.334532,0.665468,1
pi_7,surfaced,24,3,0.800705,0.199295,0
pi_7,surfaced,24,4,0.530231,0.469769,0
pi_7,surfaced,25,0,0.435806,0.564194,1
pi_7,surfaced,25,1,0.815728,0.184272,0
pi_7,surfaced,25,2,0.374233,0.625767,1
pi_7,surfaced,25,3,0.435806,0.564194,1
pi_7,surfaced,25,4,0.625767,0.374233,0
pi_7,surfaced,26,0,0.470909,0.529091,1
pi_7,surfaced,26,1,0.355430,0.644570,1
pi_7,surfaced,26,2,0.702752,0.297248,0
pi_7,surfaced,26,3,0.529091,0.470909,0
pi_7,surfaced,26,4,0.355430,0.644570,1
pi_7,surfaced,27,0,0.772708,0.227292,0
pi_7,surfaced,27,1,0.793609,0.206391,0
pi_7,surfaced,27,2,0.206391,0.793609,1
pi_7,surfaced,27,3,0.814511,0.185489,0
pi_7,surfaced,27,4,0.772708,0.227292,0
pi_7,surfaced,28,0,0.575217,0.424783,0
pi_7,surfaced,28,1,0.549055,0.450945,0
pi_7,surfaced,28,2,0.522893,0.477107,0
pi_7,surfaced,28,3,0.522893,0.477107,0
pi_7,surfaced,28,4,0.450945,0.549055,1
pi_7,surfaced,29,0,0.818225,0.181775,0
pi_7,surfaced,29,1,0.181975,0.818025,1
pi_7,surfaced,29,2,0.181975,0.818025,1
pi_7,surfaced,29,3,0.500100,0.499900,0
pi_7,surfaced,29,4,0.499900,0.500100,1
pi_7,surfaced,30,0,0.756755,0.243245,0
pi_7,surfaced,30,1,0.971488,0.028512,0
pi_7,surfaced,30,2,0.864121,0.135879,0
pi_7,surfaced,30,3,0.135879,0.864121,1
pi_7,surfaced,30,4,0.756755,0.243245,0
pi_7,surfaced,31,0,0.699604,0.300396,0
pi_7,surfaced,31,1,0.518208,0.481792,0
pi_7,surfaced,31,2,0.300396,0.699604,1
pi_7,surfaced,31,3,0.881000,0.119000,0
pi_7,surfaced,31,4,0.518208,0.481792,0
pi_7,surfaced,32,0,0.466825,0.533175,1
pi_7,surfaced,32,1,0.243655,0.756345,1
pi_7,surfaced,32,2,0.243655,0.756345,1
pi_7,surfaced,32,3,0.822694,0.177306,0
pi_7,surfaced,32,4,0.533175,0.466825,0
pi_7,surfaced,33,0,0.685086,0.314914,0
pi_7,surfaced,33,1,0.507575,0.492425,0
pi_7,surfaced,33,2,0.314914,0.685086,1
pi_7,surfaced,33,3,0.507575,0.492425,0
pi_7,surfaced,33,4,0.862597,0.137403,0
pi_7,surfaced,34,0,0.902365,0.097635,0
pi_7,surfaced,34,1,0.415184,0.584816,1
pi_7,surfaced,34,2,0.267267,0.732733,1
pi_7,surfaced,34,3,0.584816,0.415184,0
pi_7,surfaced,34,4,0.267267,0.732733,1
pi_7,surfaced,35,0,0.700560,0.299440,0
pi_7,surfaced,35,1,0.224430,0.775570,1
pi_7,surfaced,35,2,0.775570,0.224430,0
pi_7,surfaced,35,3,0.700560,0.299440,0
pi_7,surfaced,35,4,0.850581,0.149419,0
pi_7,surfaced,36,0,0.923419,0.076581,0
pi_7,surfaced,36,1,0.052757,0.947243,1
pi_7,surfaced,36,2,0.947243,0.052757,0
pi_7,surfaced,36,3,0.971067,0.028933,0
pi_7,surfaced,36,4,0.923419,0.076581,0
pi_7,surfaced,37,0,0.918198,0.081802,0
pi_7,surfaced,37,1,0.128629,0.871371,1
pi_7,surfaced,37,2,0.824544,0.175456,0
pi_7,surfaced,37,3,0.824544,0.175456,0
pi_7,surfaced,37,4,0.871371,0.128629,0
pi_7,surfaced,38,0,0.644778,0.355222,0
pi_7,surfaced,38,1,0.417588,0.582412,1
pi_7,surfaced,38,2,0.417588,0.582412,1
pi_7,surfaced,38,3,0.355222,0.644778,1
pi_7,surfaced,38,4,0.871968,0.128032,0
pi_7,surfaced,39,0,0.884983,0.115017,0
pi_7,surfaced,39,1,0.224641,0.775359,1
pi_7,surfaced,39,2,0.665734,0.334266,0
pi_7,surfaced,39,3,0.665734,0.334266,0
pi_7,surfaced,39,4,0.775359,0.224641,0
pi_7,surfaced,40,0,0.431085,0.568915,1
pi_7,surfaced,40,1,0.403803,0.596197,1
pi_7,surfaced,40,2,0.596197,0.403803,0
pi_7,surfaced,40,3,0.431085,0.568915,1
pi_7,surfaced,40,4,0.761310,0.238690,0
pi_7,surfaced,41,0,0.175574,0.824426,1
pi_7,surfaced,41,1,0.526512,0.473488,0
pi_7,surfaced,41,2,0.175574,0.824426,1
pi_7,surfaced,41,3,0.877449,0.122551,0
pi_7,surfaced,41,4,0.473488,0.526512,1
pi_7,surfaced,42,0,0.307503,0.692497,1
pi_7,surfaced,42,1,0.643388,0.356612,0
pi_7,surfaced,42,2,0.307503,0.692497,1
pi_7,surfaced,42,3,0.979273,0.020727,0
pi_7,surfaced,42,4,0.356612,0.643388,1
pi_7,surfaced,43,0,0.895871,0.104129,0
pi_7,surfaced,43,1,0.110815,0.889185,1
pi_7,surfaced,43,2,0.882498,0.117502,0
pi_7,surfaced,43,3,0.889185,0.110815,0
pi_7,surfaced,43,4,0.882498,0.117502,0
pi_7,surfaced,44,0,0.270158,0.729842,1
pi_7,surfaced,44,1,0.414486,0.585514,1
pi_7,surfaced,44,2,0.585514,0.414486,0
pi_7,surfaced,44,3,0.270158,0.729842,1
pi_7,surfaced,44,4,0.900871,0.099129,0
pi_7,surfaced,45,0,0.462786,0.537214,1
pi_7,surfaced,45,1,0.537214,0.462786,0
pi_7,surfaced,45,2,0.100187,0.899813,1
pi_7,surfaced,45,3,0.100187,0.899813,1
pi_7,surfaced,45,4,0.974242,0.025758,0
pi_7,surfaced,46,0,0.885932,0.114068,0
pi_7,surfaced,46,1,0.204272,0.795728,1
pi_7,surfaced,46,2,0.204272,0.795728,1
pi_7,surfaced,46,3,0.545102,0.454898,0
pi_7,surfaced,46,4,0.454898,0.545102,1
pi_7,surfaced,47,0,0.625296,0.374704,0
pi_7,surfaced,47,1,0.668347,0.331653,0
pi_7,surfaced,47,2,0.582246,0.417754,0
pi_7,surfaced,47,3,0.374704,0.625296,1
pi_7,surfaced,47,4,0.582246,0.417754,0
pi_7,surfaced,48,0,0.746138,0.253862,0
pi_7,surfaced,48,1,0.840364,0.159636,0
pi_7,surfaced,48,2,0.746138,0.253862,0
pi_7,surfaced,48,3,0.934590,0.065410,0
pi_7,surfaced,48,4,0.159636,0.840364,1
pi_7,surfaced,49,0,0.401242,0.598758,1
pi_7,surfaced,49,1,0.401242,0.598758,1
pi_7,surfaced,49,2,0.784664,0.215336,0
pi_7,surfaced,49,3,0.407047,0.592953,1
pi_7,surfaced,49,4,0.592953,0.407047,0
ground-truth (ttb),ground-truth,0,0,0.090678,0.909322,1
ground-truth (ttb),ground-truth,0,1,0.909322,0.090678,0
ground-truth (ttb),ground-truth,0,2,0.909322,0.090678,0
ground-truth (ttb),ground-truth,0,3,0.909322,0.090678,0
ground-truth (ttb),ground-truth,0,4,0.909322,0.090678,0
ground-truth (ttb),ground-truth,1,0,0.988132,0.011868,0
ground-truth (ttb),ground-truth,1,1,0.011868,0.988132,1
ground-truth (ttb),ground-truth,1,2,0.988132,0.011868,0
ground-truth (ttb),ground-truth,1,3,0.988132,0.011868,0
ground-truth (ttb),ground-truth,1,4,0.988132,0.011868,0
ground-truth (ttb),ground-truth,2,0,0.739151,0.260849,0
ground-truth (ttb),ground-truth,2,1,0.739151,0.260849,0
ground-truth (ttb),ground-truth,2,2,0.260849,0.739151,1
ground-truth (ttb),ground-truth,2,3,0.739151,0.260849,0
ground-truth (ttb),ground-truth,2,4,0.739151,0.260849,0
ground-truth (ttb),ground-truth,3,0,0.792665,0.207335,0
ground-truth (ttb),ground-truth,3,1,0.207335,0.792665,1
ground-truth (ttb),ground-truth,3,2,0.792665,0.207335,0
ground-truth (ttb),ground-truth,3,3,0.792665,0.207335,0
ground-truth (ttb),ground-truth,3,4,0.792665,0.207335,0
ground-truth (ttb),ground-truth,4,0,0.079899,0.920101,1
ground-truth (ttb),ground-truth,4,1,0.920101,0.079899,0
ground-truth (ttb),ground-truth,4,2,0.920101,0.079899,0
ground-truth (ttb),ground-truth,4,3,0.920101,0.079899,0
ground-truth (ttb),ground-truth,4,4,0.920101,0.079899,0
ground-truth (ttb),ground-truth,5,0,0.887634,0.112366,0
ground-truth (ttb),ground-truth,5,1,0.887634,0.112366,0
ground-truth (ttb),ground-truth,5,2,0.887634,0.112366,0
ground-truth (ttb),ground-truth,5,3,0.887634,0.112366,0
ground-truth (ttb),ground-truth,5,4,0.112366,0.887634,1
ground-truth (ttb),ground-truth,6,0,0.975275,0.024725,0
ground-truth (ttb),ground-truth,6,1,0.975275,0.024725,0
ground-truth (ttb),ground-truth,6,2,0.975275,0.024725,0
ground-truth (ttb),ground-truth,6,3,0.975275,0.024725,0
ground-truth (ttb),ground-truth,6,4,0.024725,0.975275,1
ground-truth (ttb),ground-truth,7,0,0.128821,0.871179,1
ground-truth (ttb),ground-truth,7,1,0.871179,0.128821,0
ground-truth (ttb),ground-truth,7,2,0.871179,0.128821,0
ground-truth (ttb),ground-truth,7,3,0.871179,0.128821,0
ground-truth (ttb),ground-truth,7,4,0.871179,0.128821,0
ground-truth (ttb),ground-truth,8,0,0.830806,0.169194,0
ground-truth (ttb),ground-truth,8,1,0.830806,0.169194,0
ground-truth (ttb),ground-truth,8,2,0.169194,0.830806,1
ground-truth (ttb),ground-truth,8,3,0.830806,0.169194,0
ground-truth (ttb),ground-truth,8,4,0.830806,0.169194,0
ground-truth (ttb),ground-truth,9,0,0.831319,0.168681,0
ground-truth (ttb),ground-truth,9,1,0.831319,0.168681,0
ground-truth (ttb),ground-truth,9,2,0.168681,0.831319,1
ground-truth (ttb),ground-truth,9,3,0.831319,0.168681,0
ground-truth (ttb),ground-truth,9,4,0.831319,0.168681,0
ground-truth (ttb),ground-truth,10,0,0.081984,0.918016,1
ground-truth (ttb),ground-truth,10,1,0.918016,0.081984,0
ground-truth (ttb),ground-truth,10,2,0.918016,0.081984,0
ground-truth (ttb),ground-truth,10,3,0.918016,0.081984,0
ground-truth (ttb),ground-truth,10,4,0.918016,0.081984,0
ground-truth (ttb),ground-truth,11,0,0.980852,0.019148,0
ground-truth (ttb),ground-truth,11,1,0.980852,0.019148,0
ground-truth (ttb),ground-truth,11,2,0.019148,0.980852,1
ground-truth (ttb),ground-truth,11,3,0.980852,0.019148,0
ground-truth (ttb),ground-truth,11,4,0.980852,0.019148,0
ground-truth (ttb),ground-truth,12,0,0.191233,0.808767,1
ground-truth (ttb),ground-truth,12,1,0.808767,0.191233,0
ground-truth (ttb),ground-truth,12,2,0.808767,0.191233,0
ground-truth (ttb),ground-truth,12,3,0.808767,0.191233,0
ground-truth (ttb),ground-truth,12,4,0.808767,0.191233,0
ground-truth (ttb),ground-truth,13,0,0.972997,0.027003,0
ground-truth (ttb),ground-truth,13,1,0.972997,0.027003,0
ground-truth (ttb),ground-truth,13,2,0.972997,0.027003,0
ground-truth (ttb),ground-truth,13,3,0.027003,0.972997,1
ground-truth (ttb),ground-truth,13,4,0.972997,0.027003,0
ground-truth (ttb),ground-truth,14,0,0.829256,0.170744,0
ground-truth (ttb),ground-truth,14,1,0.829256,0.170744,0
ground-truth (ttb),ground-truth,14,2,0.829256,0.170744,0
ground-truth (ttb),ground-truth,14,3,0.829256,0.170744,0
ground-truth (ttb),ground-truth,14,4,0.170744,0.829256,1
ground-truth (ttb),ground-truth,15,0,0.935210,0.064790,0
ground-truth (ttb),ground-truth,15,1,0.064790,0.935210,1
ground-truth (ttb),ground-truth,15,2,0.935210,0.064790,0
ground-truth (ttb),ground-truth,15,3,0.935210,0.064790,0
ground-truth (ttb),ground-truth,15,4,0.935210,0.064790,0
ground-truth (ttb),ground-truth,16,0,0.776656,0.223344,0
ground-truth (ttb),ground-truth,16,1,0.776656,0.223344,0
ground-truth (ttb),ground-truth,16,2,0.223344,0.776656,1
ground-truth (ttb),ground-truth,16,3,0.776656,0.223344,0
ground-truth (ttb),ground-truth,16,4,0.776656,0.223344,0
ground-truth (ttb),ground-truth,17,0,0.065028,0.934972,1
ground-truth (ttb),ground-truth,17,1,0.934972,0.065028,0
ground-truth (ttb),ground-truth,17,2,0.934972,0.065028,0
ground-truth (ttb),ground-truth,17,3,0.934972,0.065028,0
ground-truth (ttb),ground-truth,17,4,0.934972,0.065028,0
ground-truth (ttb),ground-truth,18,0,0.952244,0.047756,0
ground-truth (ttb),ground-truth,18,1,0.047756,0.952244,1
ground-truth (ttb),ground-truth,18,2,0.952244,0.047756,0
ground-truth (ttb),ground-truth,18,3,0.952244,0.047756,0
ground-truth (ttb),ground-truth,18,4,0.952244,0.047756,0
ground-truth (ttb),ground-truth,19,0,0.796455,0.203545,0
ground-truth (ttb),ground-truth,19,1,0.203545,0.796455,1
ground-truth (ttb),ground-truth,19,2,0.796455,0.203545,0
ground-truth (ttb),ground-truth,19,3,0.796455,0.203545,0
ground-truth (ttb),ground-truth,19,4,0.796455,0.203545,0
ground-truth (ttb),ground-truth,20,0,0.955103,0.044897,0
ground-truth (ttb),ground-truth,20,1,0.955103,0.044897,0
ground-truth (ttb),ground-truth,20,2,0.044897,0.955103,1
ground-truth (ttb),ground-truth,20,3,0.955103,0.044897,0
ground-truth (ttb),ground-truth,20,4,0.955103,0.044897,0
ground-truth (ttb),ground-truth,21,0,0.863690,0.136310,0
ground-truth (ttb),ground-truth,21,1,0.136310,0.863690,1
ground-truth (ttb),ground-truth,21,2,0.863690,0.136310,0
ground-truth (ttb),ground-truth,21,3,0.863690,0.136310,0
ground-truth (ttb),ground-truth,21,4,0.863690,0.136310,0
ground-truth (ttb),ground-truth,22,0,0.902212,0.097788,0
ground-truth (ttb),ground-truth,22,1,0.902212,0.097788,0
ground-truth (ttb),ground-truth,22,2,0.902212,0.097788,0
ground-truth (ttb),ground-truth,22,3,0.902212,0.097788,0
ground-truth (ttb),ground-truth,22,4,0.097788,0.902212,1
ground-truth (ttb),ground-truth,23,0,0.879679,0.120321,0
ground-truth (ttb),ground-truth,23,1,0.120321,0.879679,1
ground-truth (ttb),ground-truth,23,2,0.879679,0.120321,0
ground-truth (ttb),ground-truth,23,3,0.879679,0.120321,0
ground-truth (ttb),ground-truth,23,4,0.879679,0.120321,0
ground-truth (ttb),ground-truth,24,0,0.784609,0.215391,0
ground-truth (ttb),ground-truth,24,1,0.784609,0.215391,0
ground-truth (ttb),ground-truth,24,2,0.215391,0.784609,1
ground-truth (ttb),ground-truth,24,3,0.784609,0.215391,0
ground-truth (ttb),ground-truth,24,4,0.784609,0.215391,0
ground-truth (ttb),ground-truth,25,0,0.885619,0.114381,0
ground-truth (ttb),ground-truth,25,1,0.885619,0.114381,0
ground-truth (ttb),ground-truth,25,2,0.114381,0.885619,1
ground-truth (ttb),ground-truth,25,3,0.885619,0.114381,0
ground-truth (ttb),ground-truth,25,4,0.885619,0.114381,0
ground-truth (ttb),ground-truth,26,0,0.417079,0.582921,1
ground-truth (ttb),ground-truth,26,1,0.582921,0.417079,0
ground-truth (ttb),ground-truth,26,2,0.582921,0.417079,0
ground-truth (ttb),ground-truth,26,3,0.582921,0.417079,0
ground-truth (ttb),ground-truth,26,4,0.582921,0.417079,0
ground-truth (ttb),ground-truth,27,0,0.815644,0.184356,0
ground-truth (ttb),ground-truth,27,1,0.815644,0.184356,0
ground-truth (ttb),ground-truth,27,2,0.184356,0.815644,1
ground-truth (ttb),ground-truth,27,3,0.815644,0.184356,0
ground-truth (ttb),ground-truth,27,4,0.815644,0.184356,0
ground-truth (ttb),ground-truth,28,0,0.862388,0.137612,0
ground-truth (ttb),ground-truth,28,1,0.862388,0.137612,0
ground-truth (ttb),ground-truth,28,2,0.862388,0.137612,0
ground-truth (ttb),ground-truth,28,3,0.862388,0.137612,0
ground-truth (ttb),ground-truth,28,4,0.137612,0.862388,1
ground-truth (ttb),ground-truth,29,0,0.819587,0.180413,0
ground-truth (ttb),ground-truth,29,1,0.819587,0.180413,0
ground-truth (ttb),ground-truth,29,2,0.819587,0.180413,0
ground-truth (ttb),ground-truth,29,3,0.819587,0.180413,0
ground-truth (ttb),ground-truth,29,4,0.180413,0.819587,1
ground-truth (ttb),ground-truth,30,0,0.854498,0.145502,0
ground-truth (ttb),ground-truth,30,1,0.854498,0.145502,0
ground-truth (ttb),ground-truth,30,2,0.854498,0.145502,0
ground-truth (ttb),ground-truth,30,3,0.145502,0.854498,1
ground-truth (ttb),ground-truth,30,4,0.854498,0.145502,0
ground-truth (ttb),ground-truth,31,0,0.754857,0.245143,0
ground-truth (ttb),ground-truth,31,1,0.754857,0.245143,0
ground-truth (ttb),ground-truth,31,2,0.245143,0.754857,1
ground-truth (ttb),ground-truth,31,3,0.754857,0.245143,0
ground-truth (ttb),ground-truth,31,4,0.754857,0.245143,0
ground-truth (ttb),ground-truth,32,0,0.146536,0.853464,1
ground-truth (ttb),ground-truth,32,1,0.853464,0.146536,0
ground-truth (ttb),ground-truth,32,2,0.853464,0.146536,0
ground-truth (ttb),ground-truth,32,3,0.853464,0.146536,0
ground-truth (ttb),ground-truth,32,4,0.853464,0.146536,0
ground-truth (ttb),ground-truth,33,0,0.812366,0.187634,0
ground-truth (ttb),ground-truth,33,1,0.812366,0.187634,0
ground-truth (ttb),ground-truth,33,2,0.187634,0.812366,1
ground-truth (ttb),ground-truth,33,3,0.812366,0.187634,0
ground-truth (ttb),ground-truth,33,4,0.812366,0.187634,0
ground-truth (ttb),ground-truth,34,0,0.919246,0.080754,0
ground-truth (ttb),ground-truth,34,1,0.080754,0.919246,1
ground-truth (ttb),ground-truth,34,2,0.919246,0.080754,0
ground-truth (ttb),ground-truth,34,3,0.919246,0.080754,0
ground-truth (ttb),ground-truth,34,4,0.919246,0.080754,0
ground-truth (ttb),ground-truth,35,0,0.710518,0.289482,0
ground-truth (ttb),ground-truth,35,1,0.289482,0.710518,1
ground-truth (ttb),ground-truth,35,2,0.710518,0.289482,0
ground-truth (ttb),ground-truth,35,3,0.710518,0.289482,0
ground-truth (ttb),ground-truth,35,4,0.710518,0.289482,0
ground-truth (ttb),ground-truth,36,0,0.813179,0.186821,0
ground-truth (ttb),ground-truth,36,1,0.186821,0.813179,1
ground-truth (ttb),ground-truth,36,2,0.813179,0.186821,0
ground-truth (ttb),ground-truth,36,3,0.813179,0.186821,0
ground-truth (ttb),ground-truth,36,4,0.813179,0.186821,0
ground-truth (ttb),ground-truth,37,0,0.815247,0.184753,0
ground-truth (ttb),ground-truth,37,1,0.184753,0.815247,1
ground-truth (ttb),ground-truth,37,2,0.815247,0.184753,0
ground-truth (ttb),ground-truth,37,3,0.815247,0.184753,0
ground-truth (ttb),ground-truth,37,4,0.815247,0.184753,0
ground-truth (ttb),ground-truth,38,0,0.933560,0.066440,0
ground-truth (ttb),ground-truth,38,1,0.933560,0.066440,0
ground-truth (ttb),ground-truth,38,2,0.933560,0.066440,0
ground-truth (ttb),ground-truth,38,3,0.066440,0.933560,1
ground-truth (ttb),ground-truth,38,4,0.933560,0.066440,0
ground-truth (ttb),ground-truth,39,0,0.861345,0.138655,0
ground-truth (ttb),ground-truth,39,1,0.138655,0.861345,1
ground-truth (ttb),ground-truth,39,2,0.861345,0.138655,0
ground-truth (ttb),ground-truth,39,3,0.861345,0.138655,0
ground-truth (ttb),ground-truth,39,4,0.861345,0.138655,0
ground-truth (ttb),ground-truth,40,0,0.961166,0.038834,0
ground-truth (ttb),ground-truth,40,1,0.038834,0.961166,1
ground-truth (ttb),ground-truth,40,2,0.961166,0.038834,0
ground-truth (ttb),ground-truth,40,3,0.961166,0.038834,0
ground-truth (ttb),ground-truth,40,4,0.961166,0.038834,0
ground-truth (ttb),ground-truth,41,0,0.897081,0.102919,0
ground-truth (ttb),ground-truth,41,1,0.897081,0.102919,0
ground-truth (ttb),ground-truth,41,2,0.897081,0.102919,0
ground-truth (ttb),ground-truth,41,3,0.897081,0.102919,0
ground-truth (ttb),ground-truth,41,4,0.102919,0.897081,1
ground-truth (ttb),ground-truth,42,0,0.829936,0.170064,0
ground-truth (ttb),ground-truth,42,1,0.829936,0.170064,0
ground-truth (ttb),ground-truth,42,2,0.829936,0.170064,0
ground-truth (ttb),ground-truth,42,3,0.829936,0.170064,0
ground-truth (ttb),ground-truth,42,4,0.170064,0.829936,1
ground-truth (ttb),ground-truth,43,0,0.931382,0.068618,0
ground-truth (ttb),ground-truth,43,1,0.068618,0.931382,1
ground-truth (ttb),ground-truth,43,2,0.931382,0.068618,0
ground-truth (ttb),ground-truth,43,3,0.931382,0.068618,0
ground-truth (ttb),ground-truth,43,4,0.931382,0.068618,0
ground-truth (ttb),ground-truth,44,0,0.872688,0.127312,0
ground-truth (ttb),ground-truth,44,1,0.127312,0.872688,1
ground-truth (ttb),ground-truth,44,2,0.872688,0.127312,0
ground-truth (ttb),ground-truth,44,3,0.872688,0.127312,0
ground-truth (ttb),ground-truth,44,4,0.872688,0.127312,0
ground-truth (ttb),ground-truth,45,0,0.158687,0.841313,1
ground-truth (ttb),ground-truth,45,1,0.841313,0.158687,0
ground-truth (ttb),ground-truth,45,2,0.841313,0.158687,0
ground-truth (ttb),ground-truth,45,3,0.841313,0.158687,0
ground-truth (ttb),ground-truth,45,4,0.841313,0.158687,0
ground-truth (ttb),ground-truth,46,0,0.864710,0.135290,0
ground-truth (ttb),ground-truth,46,1,0.864710,0.135290,0
ground-truth (ttb),ground-truth,46,2,0.864710,0.135290,0
ground-truth (ttb),ground-truth,46,3,0.864710,0.135290,0
ground-truth (ttb),ground-truth,46,4,0.135290,0.864710,1
ground-truth (ttb),ground-truth,47,0,0.902682,0.097318,0
ground-truth (ttb),ground-truth,47,1,0.902682,0.097318,0
ground-truth (ttb),ground-truth,47,2,0.902682,0.097318,0
ground-truth (ttb),ground-truth,47,3,0.097318,0.902682,1
ground-truth (ttb),ground-truth,47,4,0.902682,0.097318,0
ground-truth (ttb),ground-truth,48,0,0.917970,0.082030,0
ground-truth (ttb),ground-truth,48,1,0.917970,0.082030,0
ground-truth (ttb),ground-truth,48,2,0.917970,0.082030,0
ground-truth (ttb),ground-truth,48,3,0.917970,0.082030,0
ground-truth (ttb),ground-truth,48,4,0.082030,0.917970,1
ground-truth (ttb),ground-truth,49,0,0.997980,0.002020,0
ground-truth (ttb),ground-truth,49,1,0.997980,0.002020,0
ground-truth (ttb),ground-truth,49,2,0.997980,0.002020,0
ground-truth (ttb),ground-truth,49,3,0.002020,0.997980,1
ground-truth (ttb),ground-truth,49,4,0.997980,0.002020,0
"gt-floor (ttb, paired draw)",gt-floor,0,0,0.236324,0.763676,1
"gt-floor (ttb, paired draw)",gt-floor,0,1,0.763676,0.236324,0
"gt-floor (ttb, paired draw)",gt-floor,0,2,0.763676,0.236324,0
"gt-floor (ttb, paired draw)",gt-floor,0,3,0.763676,0.236324,0
"gt-floor (ttb, paired draw)",gt-floor,0,4,0.763676,0.236324,0
"gt-floor (ttb, paired draw)",gt-floor,1,0,0.851083,0.148917,0
"gt-floor (ttb, paired draw)",gt-floor,1,1,0.148917,0.851083,1
"gt-floor (ttb, paired draw)",gt-floor,1,2,0.851083,0.148917,0
"gt-floor (ttb, paired draw)",gt-floor,1,3,0.851083,0.148917,0
"gt-floor (ttb, paired draw)",gt-floor,1,4,0.851083,0.148917,0
"gt-floor (ttb, paired draw)",gt-floor,2,0,0.839484,0.160516,0
"gt-floor (ttb, paired draw)",gt-floor,2,1,0.839484,0.160516,0
"gt-floor (ttb, paired draw)",gt-floor,2,2,0.160516,0.839484,1
"gt-floor (ttb, paired draw)",gt-floor,2,3,0.839484,0.160516,0
"gt-floor (ttb, paired draw)",gt-floor,2,4,0.839484,0.160516,0
"gt-floor (ttb, paired draw)",gt-floor,3,0,0.842194,0.157806,0
"gt-floor (ttb, paired draw)",gt-floor,3,1,0.157806,0.842194,1
"gt-floor (ttb, paired draw)",gt-floor,3,2,0.842194,0.157806,0
"gt-floor (ttb, paired draw)",gt-floor,3,3,0.842194,0.157806,0
"gt-floor (ttb, paired draw)",gt-floor,3,4,0.842194,0.157806,0
"gt-floor (ttb, paired draw)",gt-floor,4,0,0.050401,0.949599,1
"gt-floor (ttb, paired draw)",gt-floor,4,1,0.949599,0.050401,0
"gt-floor (ttb, paired draw)",gt-floor,4,2,0.949599,0.050401,0
"gt-floor (ttb, paired draw)",gt-floor,4,3,0.949599,0.050401,0
"gt-floor (ttb, paired draw)",gt-floor,4,4,0.949599,0.050401,0
"gt-floor (ttb, paired draw)",gt-floor,5,0,0.961200,0.038800,0
"gt-floor (ttb, paired draw)",gt-floor,5,1,0.961200,0.038800,0
"gt-floor (ttb, paired draw)",gt-floor,5,2,0.961200,0.038800,0
"gt-floor (ttb, paired draw)",gt-floor,5,3,0.961200,0.038800,0
"gt-floor (ttb, paired draw)",gt-floor,5,4,0.038800,0.961200,1
"gt-floor (ttb, paired draw)",gt-floor,6,0,0.614335,0.385665,0
"gt-floor (ttb, paired draw)",gt-floor,6,1,0.614335,0.385665,0
"gt-floor (ttb, paired draw)",gt-floor,6,2,0.614335,0.385665,0
"gt-floor (ttb, paired draw)",gt-floor,6,3,0.614335,0.385665,0
"gt-floor (ttb, paired draw)",gt-floor,6,4,0.385665,0.614335,1
"gt-floor (ttb, paired draw)",gt-floor,7,0,0.039938,0.960062,1
"gt-floor (ttb, paired draw)",gt-floor,7,1,0.960062,0.039938,0
"gt-floor (ttb, paired draw)",gt-floor,7,2,0.960062,0.039938,0
"gt-floor (ttb, paired draw)",gt-floor,7,3,0.960062,0.039938,0
"gt-floor (ttb, paired draw)",gt-floor,7,4,0.960062,0.039938,0
"gt-floor (ttb, paired draw)",gt-floor,8,0,0.914154,0.085846,0
"gt-floor (ttb, paired draw)",gt-floor,8,1,0.914154,0.085846,0
"gt-floor (ttb, paired draw)",gt-floor,8,2,0.085846,0.914154,1
"gt-floor (ttb, paired draw)",gt-floor,8,3,0.914154,0.085846,0
"gt-floor (ttb, paired draw)",gt-floor,8,4,0.914154,0.085846,0
"gt-floor (ttb, paired draw)",gt-floor,9,0,0.871900,0.128100,0
"gt-floor (ttb, paired draw)",gt-floor,9,1,0.871900,0.128100,0
"gt-floor (ttb, paired draw)",gt-floor,9,2,0.128100,0.871900,1
"gt-floor (ttb, paired draw)",gt-floor,9,3,0.871900,0.128100,0
"gt-floor (ttb, paired draw)",gt-floor,9,4,0.871900,0.128100,0
"gt-floor (ttb, paired draw)",gt-floor,10,0,0.004801,0.995199,1
"gt-floor (ttb, paired draw)",gt-floor,10,1,0.995199,0.004801,0
"gt-floor (ttb, paired draw)",gt-floor,10,2,0.995199,0.004801,0
"gt-floor (ttb, paired draw)",gt-floor,10,3,0.995199,0.004801,0
"gt-floor (ttb, paired draw)",gt-floor,10,4,0.995199,0.004801,0
"gt-floor (ttb, paired draw)",gt-floor,11,0,0.986563,0.013437,0
"gt-floor (ttb, paired draw)",gt-floor,11,1,0.986563,0.013437,0
"gt-floor (ttb, paired draw)",gt-floor,11,2,0.013437,0.986563,1
"gt-floor (ttb, paired draw)",gt-floor,11,3,0.986563,0.013437,0
"gt-floor (ttb, paired draw)",gt-floor,11,4,0.986563,0.013437,0
"gt-floor (ttb, paired draw)",gt-floor,12,0,0.282859,0.717141,1
"gt-floor (ttb, paired draw)",gt-floor,12,1,0.717141,0.282859,0
"gt-floor (ttb, paired draw)",gt-floor,12,2,0.717141,0.282859,0
"gt-floor (ttb, paired draw)",gt-floor,12,3,0.717141,0.282859,0
"gt-floor (ttb, paired draw)",gt-floor,12,4,0.717141,0.282859,0
"gt-floor (ttb, paired draw)",gt-floor,13,0,0.992084,0.007916,0
"gt-floor (ttb, paired draw)",gt-floor,13,1,0.992084,0.007916,0
"gt-floor (ttb, paired draw)",gt-floor,13,2,0.992084,0.007916,0
"gt-floor (ttb, paired draw)",gt-floor,13,3,0.007916,0.992084,1
"gt-floor (ttb, paired draw)",gt-floor,13,4,0.992084,0.007916,0
"gt-floor (ttb, paired draw)",gt-floor,14,0,0.954962,0.045038,0
"gt-floor (ttb, paired draw)",gt-floor,14,1,0.954962,0.045038,0
"gt-floor (ttb, paired draw)",gt-floor,14,2,0.954962,0.045038,0
"gt-floor (ttb, paired draw)",gt-floor,14,3,0.954962,0.045038,0
"gt-floor (ttb, paired draw)",gt-floor,14,4,0.045038,0.954962,1
"gt-floor (ttb, paired draw)",gt-floor,15,0,0.875992,0.124008,0
"gt-floor (ttb, paired draw)",gt-floor,15,1,0.124008,0.875992,1
"gt-floor (ttb, paired draw)",gt-floor,15,2,0.875992,0.124008,0
"gt-floor (ttb, paired draw)",gt-floor,15,3,0.875992,0.124008,0
"gt-floor (ttb, paired draw)",gt-floor,15,4,0.875992,0.124008,0
"gt-floor (ttb, paired draw)",gt-floor,16,0,0.834705,0.165295,0
"gt-floor (ttb, paired draw)",gt-floor,16,1,0.834705,0.165295,0
"gt-floor (ttb, paired draw)",gt-floor,16,2,0.165295,0.834705,1
"gt-floor (ttb, paired draw)",gt-floor,16,3,0.834705,0.165295,0
"gt-floor (ttb, paired draw)",gt-floor,16,4,0.834705,0.165295,0
"gt-floor (ttb, paired draw)",gt-floor,17,0,0.401308,0.598692,1
"gt-floor (ttb, paired draw)",gt-floor,17,1,0.598692,0.401308,0
"gt-floor (ttb, paired draw)",gt-floor,17,2,0.598692,0.401308,0
"gt-floor (ttb, paired draw)",gt-floor,17,3,0.598692,0.401308,0
"gt-floor (ttb, paired draw)",gt-floor,17,4,0.598692,0.401308,0
"gt-floor (ttb, paired draw)",gt-floor,18,0,0.963264,0.036736,0
"gt-floor (ttb, paired draw)",gt-floor,18,1,0.036736,0.963264,1
"gt-floor (ttb, paired draw)",gt-floor,18,2,0.963264,0.036736,0
"gt-floor (ttb, paired draw)",gt-floor,18,3,0.963264,0.036736,0
"gt-floor (ttb, paired draw)",gt-floor,18,4,0.963264,0.036736,0
"gt-floor (ttb, paired draw)",gt-floor,19,0,0.763598,0.236402,0
"gt-floor (ttb, paired draw)",gt-floor,19,1,0.236402,0.763598,1
"gt-floor (ttb, paired draw)",gt-floor,19,2,0.763598,0.236402,0
"gt-floor (ttb, paired draw)",gt-floor,19,3,0.763598,0.236402,0
"gt-floor (ttb, paired draw)",gt-floor,19,4,0.763598,0.236402,0
"gt-floor (ttb, paired draw)",gt-floor,20,0,0.954455,0.045545,0
"gt-floor (ttb, paired draw)",gt-floor,20,1,0.954455,0.045545,0
"gt-floor (ttb, paired draw)",gt-floor,20,2,0.045545,0.954455,1
"gt-floor (ttb, paired draw)",gt-floor,20,3,0.954455,0.045545,0
"gt-floor (ttb, paired draw)",gt-floor,20,4,0.954455,0.045545,0
"gt-floor (ttb, paired draw)",gt-floor,21,0,0.819392,0.180608,0
"gt-floor (ttb, paired draw)",gt-floor,21,1,0.180608,0.819392,1
"gt-floor (ttb, paired draw)",gt-floor,21,2,0.819392,0.180608,0
"gt-floor (ttb, paired draw)",gt-floor,21,3,0.819392,0.180608,0
"gt-floor (ttb, paired draw)",gt-floor,21,4,0.819392,0.180608,0
"gt-floor (ttb, paired draw)",gt-floor,22,0,0.995123,0.004877,0
"gt-floor (ttb, paired draw)",gt-floor,22,1,0.995123,0.004877,0
"gt-floor (ttb, paired draw)",gt-floor,22,2,0.995123,0.004877,0
"gt-floor (ttb, paired draw)",gt-floor,22,3,0.995123,0.004877,0
"gt-floor (ttb, paired draw)",gt-floor,22,4,0.004877,0.995123,1
"gt-floor (ttb, paired draw)",gt-floor,23,0,0.805416,0.194584,0
"gt-floor (ttb, paired draw)",gt-floor,23,1,0.194584,0.805416,1
"gt-floor (ttb, paired draw)",gt-floor,23,2,0.805416,0.194584,0
"gt-floor (ttb, paired draw)",gt-floor,23,3,0.805416,0.194584,0
"gt-floor (ttb, paired draw)",gt-floor,23,4,0.805416,0.194584,0
"gt-floor (ttb, paired draw)",gt-floor,24,0,0.936960,0.063040,0
"gt-floor (ttb, paired draw)",gt-floor,24,1,0.936960,0.063040,0
"gt-floor (ttb, paired draw)",gt-floor,24,2,0.063040,0.936960,1
"gt-floor (ttb, paired draw)",gt-floor,24,3,0.936960,0.063040,0
"gt-floor (ttb, paired draw)",gt-floor,24,4,0.936960,0.063040,0
"gt-floor (ttb, paired draw)",gt-floor,25,0,0.758486,0.241514,0
"gt-floor (ttb, paired draw)",gt-floor,25,1,0.758486,0.241514,0
"gt-floor (ttb, paired draw)",gt-floor,25,2,0.241514,0.758486,1
"gt-floor (ttb, paired draw)",gt-floor,25,3,0.758486,0.241514,0
"gt-floor (ttb, paired draw)",gt-floor,25,4,0.758486,0.241514,0
"gt-floor (ttb, paired draw)",gt-floor,26,0,0.099267,0.900733,1
"gt-floor (ttb, paired draw)",gt-floor,26,1,0.900733,0.099267,0
"gt-floor (ttb, paired draw)",gt-floor,26,2,0.900733,0.099267,0
"gt-floor (ttb, paired draw)",gt-floor,26,3,0.900733,0.099267,0
"gt-floor (ttb, paired draw)",gt-floor,26,4,0.900733,0.099267,0
"gt-floor (ttb, paired draw)",gt-floor,27,0,0.590270,0.409730,0
"gt-floor (ttb, paired draw)",gt-floor,27,1,0.590270,0.409730,0
"gt-floor (ttb, paired draw)",gt-floor,27,2,0.409730,0.590270,1
"gt-floor (ttb, paired draw)",gt-floor,27,3,0.590270,0.409730,0
"gt-floor (ttb, paired draw)",gt-floor,27,4,0.590270,0.409730,0
"gt-floor (ttb, paired draw)",gt-floor,28,0,0.973335,0.026665,0
"gt-floor (ttb, paired draw)",gt-floor,28,1,0.973335,0.026665,0
"gt-floor (ttb, paired draw)",gt-floor,28,2,0.973335,0.026665,0
"gt-floor (ttb, paired draw)",gt-floor,28,3,0.973335,0.026665,0
"gt-floor (ttb, paired draw)",gt-floor,28,4,0.026665,0.973335,1
"gt-floor (ttb, paired draw)",gt-floor,29,0,0.901723,0.098277,0
"gt-floor (ttb, paired draw)",gt-floor,29,1,0.901723,0.098277,0
"gt-floor (ttb, paired draw)",gt-floor,29,2,0.901723,0.098277,0
"gt-floor (ttb, paired draw)",gt-floor,29,3,0.901723,0.098277,0
"gt-floor (ttb, paired draw)",gt-floor,29,4,0.098277,0.901723,1
"gt-floor (ttb, paired draw)",gt-floor,30,0,0.852270,0.147730,0
"gt-floor (ttb, paired draw)",gt-floor,30,1,0.852270,0.147730,0
"gt-floor (ttb, paired draw)",gt-floor,30,2,0.852270,0.147730,0
"gt-floor (ttb, paired draw)",gt-floor,30,3,0.147730,0.852270,1
"gt-floor (ttb, paired draw)",gt-floor,30,4,0.852270,0.147730,0
"gt-floor (ttb, paired draw)",gt-floor,31,0,0.808465,0.191535,0
"gt-floor (ttb, paired draw)",gt-floor,31,1,0.808465,0.191535,0
"gt-floor (ttb, paired draw)",gt-floor,31,2,0.191535,0.808465,1
"gt-floor (ttb, paired draw)",gt-floor,31,3,0.808465,0.191535,0
"gt-floor (ttb, paired draw)",gt-floor,31,4,0.808465,0.191535,0
"gt-floor (ttb, paired draw)",gt-floor,32,0,0.074018,0.925982,1
"gt-floor (ttb, paired draw)",gt-floor,32,1,0.925982,0.074018,0
"gt-floor (ttb, paired draw)",gt-floor,32,2,0.925982,0.074018,0
"gt-floor (ttb, paired draw)",gt-floor,32,3,0.925982,0.074018,0
"gt-floor (ttb, paired draw)",gt-floor,32,4,0.925982,0.074018,0
"gt-floor (ttb, paired draw)",gt-floor,33,0,0.913280,0.086720,0
"gt-floor (ttb, paired draw)",gt-floor,33,1,0.913280,0.086720,0
"gt-floor (ttb, paired draw)",gt-floor,33,2,0.086720,0.913280,1
"gt-floor (ttb, paired draw)",gt-floor,33,3,0.913280,0.086720,0
"gt-floor (ttb, paired draw)",gt-floor,33,4,0.913280,0.086720,0
"gt-floor (ttb, paired draw)",gt-floor,34,0,0.715437,0.284563,0
"gt-floor (ttb, paired draw)",gt-floor,34,1,0.284563,0.715437,1
"gt-floor (ttb, paired draw)",gt-floor,34,2,0.715437,0.284563,0
"gt-floor (ttb, paired draw)",gt-floor,34,3,0.715437,0.284563,0
"gt-floor (ttb, paired draw)",gt-floor,34,4,0.715437,0.284563,0
"gt-floor (ttb, paired draw)",gt-floor,35,0,0.930213,0.069787,0
"gt-floor (ttb, paired draw)",gt-floor,35,1,0.069787,0.930213,1
"gt-floor (ttb, paired draw)",gt-floor,35,2,0.930213,0.069787,0
"gt-floor (ttb, paired draw)",gt-floor,35,3,0.930213,0.069787,0
"gt-floor (ttb, paired draw)",gt-floor,35,4,0.930213,0.069787,0
"gt-floor (ttb, paired draw)",gt-floor,36,0,0.916206,0.083794,0
"gt-floor (ttb, paired draw)",gt-floor,36,1,0.083794,0.916206,1
"gt-floor (ttb, paired draw)",gt-floor,36,2,0.916206,0.083794,0
"gt-floor (ttb, paired draw)",gt-floor,36,3,0.916206,0.083794,0
"gt-floor (ttb, paired draw)",gt-floor,36,4,0.916206,0.083794,0
"gt-floor (ttb, paired draw)",gt-floor,37,0,0.914382,0.085618,0
"gt-floor (ttb, paired draw)",gt-floor,37,1,0.085618,0.914382,1
"gt-floor (ttb, paired draw)",gt-floor,37,2,0.914382,0.085618,0
"gt-floor (ttb, paired draw)",gt-floor,37,3,0.914382,0.085618,0
"gt-floor (ttb, paired draw)",gt-floor,37,4,0.914382,0.085618,0
"gt-floor (ttb, paired draw)",gt-floor,38,0,0.923689,0.076311,0
"gt-floor (ttb, paired draw)",gt-floor,38,1,0.923689,0.076311,0
"gt-floor (ttb, paired draw)",gt-floor,38,2,0.923689,0.076311,0
"gt-floor (ttb, paired draw)",gt-floor,38,3,0.076311,0.923689,1
"gt-floor (ttb, paired draw)",gt-floor,38,4,0.923689,0.076311,0
"gt-floor (ttb, paired draw)",gt-floor,39,0,0.751036,0.248964,0
"gt-floor (ttb, paired draw)",gt-floor,39,1,0.248964,0.751036,1
"gt-floor (ttb, paired draw)",gt-floor,39,2,0.751036,0.248964,0
"gt-floor (ttb, paired draw)",gt-floor,39,3,0.751036,0.248964,0
"gt-floor (ttb, paired draw)",gt-floor,39,4,0.751036,0.248964,0
"gt-floor (ttb, paired draw)",gt-floor,40,0,0.766115,0.233885,0
"gt-floor (ttb, paired draw)",gt-floor,40,1,0.233885,0.766115,1
"gt-floor (ttb, paired draw)",gt-floor,40,2,0.766115,0.233885,0
"gt-floor (ttb, paired draw)",gt-floor,40,3,0.766115,0.233885,0
"gt-floor (ttb, paired draw)",gt-floor,40,4,0.766115,0.233885,0
"gt-floor (ttb, paired draw)",gt-floor,41,0,0.972204,0.027796,0
"gt-floor (ttb, paired draw)",gt-floor,41,1,0.972204,0.027796,0
"gt-floor (ttb, paired draw)",gt-floor,41,2,0.972204,0.027796,0
"gt-floor (ttb, paired draw)",gt-floor,41,3,0.972204,0.027796,0
"gt-floor (ttb, paired draw)",gt-floor,41,4,0.027796,0.972204,1
"gt-floor (ttb, paired draw)",gt-floor,42,0,0.795659,0.204341,0
"gt-floor (ttb, paired draw)",gt-floor,42,1,0.795659,0.204341,0
"gt-floor (ttb, paired draw)",gt-floor,42,2,0.795659,0.204341,0
"gt-floor (ttb, paired draw)",gt-floor,42,3,0.795659,0.204341,0
"gt-floor (ttb, paired draw)",gt-floor,42,4,0.204341,0.795659,1
"gt-floor (ttb, paired draw)",gt-floor,43,0,0.806033,0.193967,0
"gt-floor (ttb, paired draw)",gt-floor,43,1,0.193967,0.806033,1
"gt-floor (ttb, paired draw)",gt-floor,43,2,0.806033,0.193967,0
"gt-floor (ttb, paired draw)",gt-floor,43,3,0.806033,0.193967,0
"gt-floor (ttb, paired draw)",gt-floor,43,4,0.806033,0.193967,0
"gt-floor (ttb, paired draw)",gt-floor,44,0,0.958000,0.042000,0
"gt-floor (ttb, paired draw)",gt-floor,44,1,0.042000,0.958000,1
"gt-floor (ttb, paired draw)",gt-floor,44,2,0.958000,0.042000,0
"gt-floor (ttb, paired draw)",gt-floor,44,3,0.958000,0.042000,0
"gt-floor (ttb, paired draw)",gt-floor,44,4,0.958000,0.042000,0
"gt-floor (ttb, paired draw)",gt-floor,45,0,0.186199,0.813801,1
"gt-floor (ttb, paired draw)",gt-floor,45,1,0.813801,0.186199,0
"gt-floor (ttb, paired draw)",gt-floor,45,2,0.813801,0.186199,0
"gt-floor (ttb, paired draw)",gt-floor,45,3,0.813801,0.186199,0
"gt-floor (ttb, paired draw)",gt-floor,45,4,0.813801,0.186199,0
"gt-floor (ttb, paired draw)",gt-floor,46,0,0.770929,0.229071,0
"gt-floor (ttb, paired draw)",gt-floor,46,1,0.770929,0.229071,0
"gt-floor (ttb, paired draw)",gt-floor,46,2,0.770929,0.229071,0
"gt-floor (ttb, paired draw)",gt-floor,46,3,0.770929,0.229071,0
"gt-floor (ttb, paired draw)",gt-floor,46,4,0.229071,0.770929,1
"gt-floor (ttb, paired draw)",gt-floor,47,0,0.879935,0.120065,0
"gt-floor (ttb, paired draw)",gt-floor,47,1,0.879935,0.120065,0
"gt-floor (ttb, paired draw)",gt-floor,47,2,0.879935,0.120065,0
"gt-floor (ttb, paired draw)",gt-floor,47,3,0.120065,0.879935,1
"gt-floor (ttb, paired draw)",gt-floor,47,4,0.879935,0.120065,0
"gt-floor (ttb, paired draw)",gt-floor,48,0,0.847188,0.152812,0
"gt-floor (ttb, paired draw)",gt-floor,48,1,0.847188,0.152812,0
"gt-floor (ttb, paired draw)",gt-floor,48,2,0.847188,0.152812,0
"gt-floor (ttb, paired draw)",gt-floor,48,3,0.847188,0.152812,0
"gt-floor (ttb, paired draw)",gt-floor,48,4,0.152812,0.847188,1
"gt-floor (ttb, paired draw)",gt-floor,49,0,0.750645,0.249355,0
"gt-floor (ttb, paired draw)",gt-floor,49,1,0.750645,0.249355,0
"gt-floor (ttb, paired draw)",gt-floor,49,2,0.750645,0.249355,0
"gt-floor (ttb, paired draw)",gt-floor,49,3,0.249355,0.750645,1
"gt-floor (ttb, paired draw)",gt-floor,49,4,0.750645,0.249355,0
